{"cameraMode":{"drawMode":0,"name":"Shaded","section":"Shading Mode"},"sceneLighting":false,"audioPlay":false,"sceneViewState":{"m_AlwaysRefresh":false,"showFog":true,"showSkybox":false,"showFlares":true,"showImageEffects":true,"showParticleSystems":true,"showVisualEffectGraphs":true,"m_FxEnabled":true},"in2DMode":false,"pivot":{"x":-1.3237495422363282,"y":14.41917610168457,"z":-169.03555297851563},"rotation":{"x":0.008423699997365475,"y":-0.9817566275596619,"z":0.1847415417432785,"w":0.04481455683708191},"size":13.889968872070313,"orthographic":false}