{"cameraMode":{"drawMode":0,"name":"Shaded","section":"Shading Mode"},"sceneLighting":false,"audioPlay":false,"sceneViewState":{"m_AlwaysRefresh":false,"showFog":true,"showSkybox":true,"showFlares":true,"showImageEffects":true,"showParticleSystems":true,"showVisualEffectGraphs":true,"m_FxEnabled":true},"in2DMode":false,"pivot":{"x":858.6141357421875,"y":550.3477783203125,"z":83.7078857421875},"rotation":{"x":0.005990298930555582,"y":-0.02251407317817211,"z":0.0005009851302020252,"w":1.0000683069229127},"size":675.2621459960938,"orthographic":false}