{"cameraMode":{"drawMode":0,"name":"Shaded","section":"Shading Mode"},"sceneLighting":false,"audioPlay":false,"sceneViewState":{"m_AlwaysRefresh":false,"showFog":true,"showSkybox":false,"showFlares":true,"showImageEffects":true,"showParticleSystems":true,"showVisualEffectGraphs":true,"m_FxEnabled":true},"in2DMode":false,"pivot":{"x":-0.11899995803833008,"y":-1.7209999561309815,"z":3.1800003051757814},"rotation":{"x":0.019365863874554635,"y":0.9304823279380798,"z":-0.05200190097093582,"w":0.36287811398506167},"size":7.59358024597168,"orthographic":false}