{"cameraMode":{"drawMode":0,"name":"Shaded","section":"Shading Mode"},"sceneLighting":false,"audioPlay":false,"sceneViewState":{"m_AlwaysRefresh":false,"showFog":true,"showSkybox":false,"showFlares":true,"showImageEffects":true,"showParticleSystems":true,"showVisualEffectGraphs":true,"m_FxEnabled":true},"in2DMode":false,"pivot":{"x":-0.11899995803833008,"y":3.648500442504883,"z":8.54949951171875},"rotation":{"x":0.019365863874554635,"y":0.9304823279380798,"z":-0.05200190097093582,"w":0.36287811398506167},"size":7.593573093414307,"orthographic":false}